id;temperature;mileage;subscription;humidity
9;59.5;4144;Subscriber;26.1
10;77.0;2075;Subscriber;64.0
11;71.8;1968;Subscriber;86.1
12;55.6;4483;Subscriber;81.3
13;72.3;2918;Subscriber;72.7
14;77.9;3041;Subscriber;10.3
15;53.7;3915;Subscriber;46.1
16;77.5;4730;Subscriber;45.6
17;70.3;2522;Customer;69.5
18;58.1;4159;Subscriber;43.7
19;62.6;3279;Subscriber;52.6
20;81.0;2559;Subscriber;90.6
21;75.4;4418;Subscriber;65.8
22;78.3;1744;Subscriber;33.1
23;69.1;4819;Customer;42.0
24;78.5;2913;Customer;51.3
25;82.0;4914;Subscriber;23.0
26;77.0;1853;Subscriber;40.7
27;74.5;2654;Subscriber;47.4
28;76.3;2661;Customer;62.8
29;74.5;2795;Subscriber;83.1
30;70.2;3071;Subscriber;68.8
31;60.8;4140;Subscriber;11.2
32;58.2;2974;Subscriber;14.0
33;52.2;1194;Subscriber;12.2
34;80.7;1423;Customer;22.5
35;76.4;3398;Subscriber;44.9
36;69.8;3669;Subscriber;94.8
37;53.2;3736;Subscriber;56.2
38;69.3;3744;Subscriber;99.2
39;72.3;3825;Subscriber;19.2
40;76.4;4736;Subscriber;21.8
41;66.7;4071;Subscriber;48.8
42;72.1;3427;Customer;41.5
43;77.4;2911;Subscriber;44.9
44;51.7;3958;Subscriber;14.9
45;77.4;2161;Subscriber;32.9
46;76.7;1689;Subscriber;39.2
47;74.6;3647;Subscriber;53.3
48;73.9;1647;Subscriber;52.3
49;78.1;2626;Subscriber;11.4
50;77.4;4560;Subscriber;79.4
51;74.8;1160;Subscriber;24.6
52;50.4;3197;Subscriber;14.9
53;72.0;3270;Subscriber;62.4
54;71.1;4213;Subscriber;98.6
55;70.5;2422;Subscriber;81.1
56;63.4;1734;Subscriber;48.0
57;63.1;4140;Subscriber;71.2
58;82.4;3461;Subscriber;41.2
59;81.6;3697;Subscriber;72.6
60;75.5;1016;Subscriber;12.7
61;80.4;4771;Subscriber;43.9
62;72.2;3447;Subscriber;31.3
63;81.1;1266;Subscriber;74.2
64;79.9;1513;Subscriber;35.3
65;61.6;2637;Subscriber;94.6
66;67.9;2666;Subscriber;98.1
67;77.2;1928;Subscriber;49.6
68;79.0;2109;Customer;25.1
69;70.1;2464;Subscriber;15.8
70;74.9;1982;Subscriber;47.3
71;71.3;3514;Subscriber;27.6
72;63.5;4116;Subscriber;35.2
73;61.4;1645;Subscriber;38.1
74;75.6;3791;Subscriber;87.0
75;52.5;4762;Subscriber;45.3
76;81.3;3599;Subscriber;44.8
77;76.0;2776;Subscriber;59.9
78;68.4;2466;Subscriber;31.5
79;54.3;1873;Subscriber;11.7
80;62.1;1464;Subscriber;21.9
81;80.8;4619;Subscriber;25.3
82;60.7;1226;Subscriber;69.8
83;74.6;2013;Subscriber;88.1
84;78.4;1547;Subscriber;14.7
85;80.5;4129;Subscriber;53.2
86;74.3;2557;Subscriber;29.2
87;73.7;1265;Customer;99.5
88;77.3;3917;Subscriber;29.3
89;74.9;4920;Subscriber;20.1
90;65.3;4408;Subscriber;17.6
91;76.0;1018;Subscriber;95.8
92;78.7;2489;Subscriber;98.8
93;76.1;3364;Subscriber;15.2
94;81.3;1025;Subscriber;65.1
95;74.1;1596;Subscriber;81.2
96;50.7;1083;Subscriber;12.3
97;79.5;3324;Subscriber;54.9
98;71.4;3951;Subscriber;88.9
99;69.9;3014;Subscriber;24.6
100;75.5;1174;Subscriber;11.8
101;71.1;1565;Subscriber;10.9
102;53.7;3314;Subscriber;31.4
103;78.1;4454;Subscriber;85.7
104;73.5;1290;Subscriber;48.0
105;77.8;1785;Subscriber;62.1
106;79.7;3298;Customer;99.2
107;56.0;1639;Customer;49.1
108;70.4;1156;Subscriber;21.4
109;70.4;1171;Subscriber;43.4
110;73.7;2257;Subscriber;32.3
111;78.8;3632;Subscriber;18.0
112;77.2;3451;Customer;34.4
113;79.0;2495;Subscriber;16.5
114;69.0;1476;Subscriber;76.5
115;67.2;1957;Subscriber;75.6
116;63.6;1909;Subscriber;79.9
117;81.8;3553;Subscriber;55.3
118;81.9;1158;Subscriber;94.3
119;69.5;4450;Subscriber;63.0
120;73.5;3891;Subscriber;75.8
121;72.9;1675;Customer;52.6
122;65.3;3657;Subscriber;67.0
123;67.8;4694;Subscriber;14.4
124;71.9;2804;Subscriber;26.3
125;80.1;4560;Subscriber;11.7
126;60.8;3107;Customer;16.1
127;65.4;1041;Subscriber;38.7
128;73.9;3968;Customer;29.9
129;80.8;3006;Subscriber;15.2
130;81.7;4453;Subscriber;36.5
131;70.9;2483;Subscriber;23.5
132;77.7;4083;Subscriber;28.6
133;72.5;3188;Customer;53.5
134;79.1;3514;Subscriber;30.3
135;79.9;1744;Subscriber;75.6
136;68.1;2415;Subscriber;23.2
137;71.9;2923;Subscriber;42.3
138;73.6;2426;Subscriber;31.5
139;70.2;3640;Subscriber;38.4
140;81.0;4632;Subscriber;46.4
141;79.0;1976;Subscriber;23.1
142;78.1;1084;Subscriber;74.1
143;64.6;1261;Subscriber;22.6
144;82.9;2824;Subscriber;17.8
145;62.0;3297;Customer;37.9
146;69.1;2406;Subscriber;86.0
147;54.5;4588;Subscriber;59.2
148;77.8;4360;Subscriber;80.7
149;61.9;4246;Subscriber;80.1
150;73.2;3041;Subscriber;10.6
151;76.5;1920;Subscriber;21.5
152;80.1;2685;Subscriber;85.3
153;73.7;3415;Customer;47.1
154;82.3;3502;Subscriber;24.4
155;73.2;1019;Subscriber;23.4
156;73.8;3882;Subscriber;19.8
157;80.7;1711;Subscriber;18.4
158;58.6;2158;Customer;16.9
159;77.4;4895;Subscriber;36.0
160;79.4;3666;Subscriber;25.2
161;52.3;3068;Subscriber;10.2
162;70.7;1620;Subscriber;29.7
163;81.7;4867;Subscriber;25.5
164;72.3;1992;Subscriber;90.1
165;78.8;4432;Subscriber;50.3
166;53.2;3516;Subscriber;42.8
167;73.2;1577;Subscriber;53.5
168;71.7;3263;Subscriber;14.1
169;77.0;2060;Subscriber;61.9
170;69.9;2378;Subscriber;41.0
171;57.5;1412;Subscriber;46.4
172;79.6;3358;Subscriber;60.4
173;70.0;1635;Subscriber;12.4
174;71.8;3280;Subscriber;40.2
175;75.1;4094;Subscriber;12.5
176;73.6;4757;Subscriber;53.9
177;61.7;4654;Subscriber;54.8
178;68.3;4329;Customer;78.7
179;70.0;2494;Subscriber;77.0
180;73.2;2981;Subscriber;66.4
181;82.6;4969;Subscriber;15.6
182;55.2;2616;Subscriber;39.1
183;82.6;4023;Subscriber;47.1
184;72.2;1870;Subscriber;62.1
185;69.6;4353;Subscriber;47.2
186;53.6;3295;Subscriber;46.6
187;77.8;4981;Subscriber;74.9
188;75.7;1801;Subscriber;25.8
189;68.2;4592;Subscriber;76.0
190;72.5;1802;Customer;63.1
191;72.1;3754;Subscriber;10.7
192;74.2;3804;Subscriber;42.0
193;71.3;4396;Customer;87.8
194;65.1;2540;Subscriber;81.8
195;73.7;4276;Subscriber;93.1
196;73.7;1032;Subscriber;13.6
197;76.0;2674;Subscriber;60.9
198;72.8;4795;Subscriber;55.4
199;77.6;4872;Subscriber;87.8
200;79.4;2570;Subscriber;14.1
201;78.6;3460;Subscriber;92.0
202;65.2;4409;Subscriber;34.0
203;73.5;3615;Subscriber;43.0
204;71.4;2602;Subscriber;43.2
205;76.2;1688;Subscriber;51.1
206;70.4;1893;Subscriber;20.8
207;71.4;3736;Subscriber;26.9
208;72.6;2596;Subscriber;27.1
209;69.8;3530;Subscriber;13.5
210;70.8;3226;Subscriber;24.8
211;82.6;3908;Subscriber;29.3
212;74.5;2462;Subscriber;23.3
213;79.1;2440;Subscriber;98.5
214;76.8;4118;Subscriber;32.4
215;80.4;1061;Subscriber;41.9
216;74.4;4739;Subscriber;21.8
217;76.6;1579;Subscriber;22.6
218;52.9;3155;Subscriber;23.1
219;70.8;4626;Subscriber;18.1
220;80.7;3012;Subscriber;20.2
221;51.7;1175;Subscriber;32.3
222;64.4;1476;Subscriber;55.0
223;73.2;4750;Subscriber;46.3
224;52.8;1705;Subscriber;40.2
225;77.1;1292;Subscriber;43.7
226;59.6;1720;Subscriber;36.8
227;78.8;2669;Subscriber;49.5
228;78.9;4519;Subscriber;55.5
229;50.6;1779;Subscriber;46.6
230;71.4;2513;Subscriber;66.1
231;51.4;1513;Subscriber;15.8
232;74.6;2439;Subscriber;37.3
233;82.0;3622;Subscriber;70.9
234;52.5;1063;Subscriber;95.9
235;53.1;1180;Subscriber;59.7
236;65.1;4205;Subscriber;65.1
237;80.2;4256;Subscriber;52.8
238;75.9;4049;Subscriber;29.1
239;70.2;2164;Subscriber;40.8
240;54.2;3435;Customer;19.7
241;80.1;4892;Subscriber;22.5
242;75.3;1833;Subscriber;56.0
243;77.7;1525;Customer;26.0
244;63.7;2579;Subscriber;23.7
245;72.4;1638;Subscriber;25.4
246;52.1;1521;Subscriber;38.2
247;72.8;3937;Subscriber;39.9
248;73.6;4490;Subscriber;86.6
249;70.0;3456;Subscriber;84.3
250;76.1;2498;Subscriber;11.8
251;68.2;3810;Subscriber;20.5
252;68.8;1737;Subscriber;37.8
253;76.2;2284;Subscriber;19.1
254;54.1;2271;Subscriber;23.1
255;62.8;1376;Subscriber;41.4
256;79.7;1115;Subscriber;16.3
257;70.7;2866;Subscriber;45.8
258;58.1;3025;Subscriber;48.3
259;67.7;3406;Customer;92.6
260;77.1;2304;Subscriber;85.2
261;67.8;1888;Customer;41.5
262;79.0;2653;Subscriber;59.8
263;60.8;1622;Subscriber;36.2
264;59.5;3105;Subscriber;29.6
265;61.0;2734;Subscriber;38.2
266;77.7;1025;Subscriber;44.2
267;70.9;1551;Subscriber;20.2
268;76.7;1369;Subscriber;63.1
269;56.9;4247;Subscriber;38.7
270;70.0;1131;Customer;35.3
271;74.4;2601;Subscriber;82.2
272;80.0;4214;Subscriber;94.7
273;78.6;2092;Subscriber;93.7
274;82.0;2562;Subscriber;44.9
275;76.0;4110;Subscriber;82.6
276;72.4;4227;Subscriber;76.2
277;73.6;4131;Subscriber;19.3
278;70.5;3010;Subscriber;40.2
279;70.3;2034;Customer;13.3
280;59.1;1676;Subscriber;53.7
281;69.2;2685;Subscriber;72.5
282;80.3;1270;Subscriber;54.8
283;73.7;1520;Customer;25.6
284;72.7;1072;Subscriber;24.5
285;82.1;3673;Subscriber;48.3
286;74.9;4390;Subscriber;69.5
287;61.6;3463;Subscriber;21.8
288;73.4;3347;Subscriber;61.6
289;81.9;3975;Subscriber;79.8
290;53.4;1532;Subscriber;49.8
291;70.5;1856;Subscriber;25.6
292;82.9;4611;Subscriber;45.1
293;73.1;2615;Subscriber;41.1
294;72.8;3978;Subscriber;89.9
295;60.2;4358;Subscriber;41.0
296;55.1;1804;Subscriber;46.7
297;59.4;2910;Subscriber;12.5
298;63.2;1326;Customer;45.5
299;69.6;2896;Subscriber;36.1
300;69.0;1755;Subscriber;38.1
301;80.9;1322;Subscriber;45.0
302;82.8;3753;Customer;46.7
303;80.1;3744;Subscriber;87.8
304;67.0;1734;Subscriber;60.2
305;60.3;3244;Subscriber;28.9
306;79.0;2136;Subscriber;21.6
307;79.9;3431;Subscriber;46.7
308;68.9;3831;Customer;98.7
309;68.8;2324;Subscriber;23.0
310;82.7;2846;Subscriber;33.7
311;76.1;1820;Subscriber;11.4
312;73.6;4778;Subscriber;31.6
313;80.5;2746;Subscriber;38.1
314;79.0;4307;Subscriber;46.2
315;67.1;1270;Subscriber;98.9
316;72.1;3608;Customer;95.9
317;53.5;1211;Subscriber;47.5
318;77.6;3074;Customer;16.8
319;61.6;1211;Subscriber;26.1
320;59.9;2682;Subscriber;36.6
321;73.8;2637;Subscriber;47.7
322;81.8;2694;Customer;58.2
323;76.6;1482;Subscriber;27.7
324;72.7;3815;Subscriber;67.1
325;74.6;1936;Subscriber;25.6
326;74.2;1247;Subscriber;34.8
327;66.5;2523;Subscriber;23.7
328;59.6;1111;Subscriber;89.8
329;82.3;1105;Subscriber;32.7
330;74.8;3487;Subscriber;57.5
331;72.8;1444;Subscriber;94.1
332;82.7;4145;Subscriber;94.2
333;58.5;3194;Subscriber;35.0
334;65.9;1687;Subscriber;56.4
335;81.9;4075;Subscriber;67.4
336;64.5;1317;Customer;90.2
337;69.9;1910;Subscriber;35.5
338;81.9;2679;Subscriber;45.2
339;51.9;1211;Subscriber;59.5
340;77.9;3843;Subscriber;25.4
341;69.7;4693;Subscriber;82.3
342;65.3;3454;Subscriber;14.0
343;77.0;4660;Subscriber;44.2
344;73.2;4239;Subscriber;69.5
345;58.9;2718;Subscriber;39.6
346;78.5;4869;Subscriber;43.9
347;51.9;1241;Subscriber;12.4
348;65.3;3932;Subscriber;38.9
349;59.0;1000;Subscriber;19.2
350;52.4;1137;Subscriber;33.8
351;53.3;4084;Subscriber;53.4
352;81.0;2255;Subscriber;27.2
353;63.4;4833;Subscriber;19.3
354;77.7;1722;Subscriber;34.1
355;73.8;3636;Subscriber;96.6
356;69.3;1363;Subscriber;79.0
357;81.0;3545;Subscriber;48.2
358;74.5;1189;Subscriber;69.3
359;56.2;1066;Subscriber;61.8
360;71.9;4998;Subscriber;15.2
361;63.6;3332;Subscriber;94.4
362;68.8;1430;Subscriber;11.8
363;74.8;3896;Subscriber;21.7
364;82.8;4828;Subscriber;56.1
365;74.7;3646;Subscriber;89.6
366;71.7;3928;Subscriber;47.1
367;53.1;1738;Subscriber;88.7
368;77.1;1951;Subscriber;13.7
369;75.2;2392;Subscriber;46.1
370;75.5;3288;Subscriber;27.2
371;69.9;1293;Subscriber;49.1
372;69.7;3594;Subscriber;13.3
373;56.6;2022;Subscriber;53.4
374;70.5;3799;Subscriber;27.7
375;59.2;2617;Customer;93.1
376;63.2;1789;Subscriber;40.2
377;70.1;2801;Subscriber;91.4
378;64.4;4412;Subscriber;71.2
379;80.0;3992;Subscriber;10.2
380;77.9;1591;Subscriber;25.1
381;82.8;3997;Customer;46.0
382;71.7;1656;Subscriber;11.6
383;58.4;4379;Subscriber;35.9
384;71.5;3570;Subscriber;90.4
385;82.3;1170;Subscriber;91.6
386;77.6;2137;Subscriber;32.2
387;66.5;2817;Subscriber;36.8
388;74.7;1507;Subscriber;36.9
389;82.6;2017;Customer;90.0
390;58.4;4076;Subscriber;16.2
391;72.7;1292;Subscriber;44.0
392;80.3;4529;Subscriber;91.4
393;56.0;2924;Subscriber;77.8
394;81.3;2469;Subscriber;46.3
395;77.0;4024;Subscriber;18.3
396;81.2;3816;Subscriber;10.8
397;74.8;3440;Subscriber;13.0
398;56.1;1312;Subscriber;49.8
399;64.7;4023;Subscriber;24.3
400;76.0;4627;Subscriber;77.6
401;55.7;3837;Subscriber;97.7
402;77.3;3758;Customer;47.6
403;80.5;3176;Subscriber;31.6
404;81.0;3752;Subscriber;81.0
405;72.6;1705;Subscriber;88.1
406;73.3;4750;Subscriber;83.1
407;79.9;3840;Subscriber;48.4
408;69.5;1702;Subscriber;62.4
409;72.7;4899;Subscriber;48.8
410;82.6;1293;Subscriber;22.1
411;78.1;3457;Subscriber;30.1
412;72.4;1836;Subscriber;92.6
413;78.4;2135;Subscriber;60.0
414;75.9;2786;Subscriber;11.9
415;75.9;3582;Subscriber;31.2
416;70.3;1899;Customer;43.1
417;74.5;4441;Subscriber;42.3
418;69.4;3137;Subscriber;17.9
419;78.9;4886;Subscriber;35.0
420;72.4;4839;Subscriber;19.3
421;63.2;4169;Customer;41.6
422;69.5;2050;Subscriber;20.2
423;76.2;2039;Subscriber;12.6
424;72.1;1779;Subscriber;32.1
425;82.6;4484;Subscriber;34.6
426;78.2;1384;Customer;46.1
427;60.6;4127;Subscriber;36.8
428;80.0;4733;Subscriber;66.3
429;69.5;1655;Customer;14.5
430;79.7;4247;Subscriber;90.8
431;57.1;4408;Subscriber;72.3
432;60.6;4952;Subscriber;17.4
433;69.7;1996;Subscriber;41.2
434;70.6;2351;Subscriber;20.4
435;60.2;1054;Subscriber;77.3
436;79.6;3193;Subscriber;46.7
437;53.3;4382;Subscriber;30.5
438;51.7;3744;Subscriber;18.4
439;56.5;2034;Subscriber;65.5
440;75.4;3864;Subscriber;14.9
441;62.9;4819;Subscriber;47.8
442;77.3;3038;Subscriber;12.0
443;80.7;3315;Subscriber;50.9
444;61.0;1161;Subscriber;38.5
445;80.4;1964;Subscriber;47.5
446;69.9;1508;Subscriber;38.0
447;61.9;1158;Subscriber;83.8
448;82.5;4927;Subscriber;15.5
449;70.7;4057;Subscriber;52.5
450;73.7;2571;Subscriber;31.7
451;52.7;1886;Subscriber;96.6
452;70.7;1151;Subscriber;66.3
453;75.2;4109;Subscriber;46.4
454;81.8;3394;Subscriber;68.2
455;57.1;4305;Subscriber;69.8
456;68.7;1061;Subscriber;36.3
457;62.5;2547;Subscriber;43.3
458;78.7;4361;Subscriber;50.8
459;70.7;3543;Subscriber;80.1
460;80.8;3141;Subscriber;94.8
461;79.5;2747;Subscriber;65.8
462;71.9;4203;Subscriber;34.0
463;73.0;4813;Subscriber;28.5
464;68.8;3301;Subscriber;89.8
465;79.5;4693;Customer;54.9
466;81.6;1997;Subscriber;23.4
467;70.7;2865;Subscriber;47.5
468;81.5;2086;Subscriber;68.5
469;53.7;3709;Subscriber;81.0
470;74.2;3892;Subscriber;29.2
471;74.5;3662;Subscriber;52.6
472;71.1;3037;Subscriber;14.7
473;60.4;2187;Subscriber;58.6
474;79.1;4758;Subscriber;35.3
475;79.6;2298;Subscriber;26.3
476;72.6;2593;Subscriber;64.1
477;56.6;3811;Subscriber;33.6
478;75.4;3518;Subscriber;54.0
479;59.6;1609;Subscriber;37.0
480;71.4;4999;Subscriber;45.9
481;71.6;3699;Subscriber;16.1
482;82.5;1810;Subscriber;42.9
483;80.8;4505;Customer;43.1
484;75.2;2081;Subscriber;87.1
485;52.0;1444;Subscriber;88.1
486;81.5;1905;Subscriber;25.6
487;70.7;2975;Subscriber;93.1
488;52.5;3080;Subscriber;15.4
489;81.6;1172;Subscriber;37.3
490;79.7;1209;Subscriber;28.2
491;67.7;3260;Subscriber;58.2
492;56.1;3404;Subscriber;10.5
493;73.0;5000;Customer;71.8
494;59.2;2687;Subscriber;43.7
495;81.0;4374;Subscriber;43.3
496;78.0;3516;Subscriber;16.8
497;75.6;3819;Subscriber;75.8
498;72.7;2096;Subscriber;71.0
499;80.5;2874;Subscriber;24.4
500;72.0;3948;Subscriber;84.4
501;69.5;3775;Subscriber;72.3
502;78.4;1515;Subscriber;43.2
503;71.3;1703;Subscriber;83.9
504;79.2;4315;Customer;84.6
505;58.8;1853;Subscriber;60.1
506;75.1;3517;Customer;30.7
507;79.2;4029;Subscriber;41.9
508;74.3;1211;Subscriber;49.7
509;78.3;1141;Subscriber;39.4
510;66.0;3341;Subscriber;45.1
511;72.8;1317;Subscriber;75.7
512;75.1;1757;Subscriber;37.8
513;75.0;4917;Subscriber;34.3
514;81.7;2054;Subscriber;64.9
515;77.4;3611;Subscriber;37.2
516;77.5;3541;Subscriber;41.8
517;61.9;2821;Subscriber;78.2
518;80.3;4589;Subscriber;16.8
519;64.7;2102;Subscriber;18.5
520;64.0;1747;Subscriber;58.9
521;75.2;3951;Subscriber;12.8
522;71.6;3037;Subscriber;10.8
523;61.4;4051;Subscriber;24.0
524;77.1;1577;Subscriber;37.0
525;74.1;2081;Customer;42.5
526;78.8;3302;Subscriber;84.2
527;81.2;4948;Subscriber;64.6
528;74.0;2186;Customer;65.7
529;79.6;3915;Subscriber;33.7
530;81.9;1287;Subscriber;52.9
531;70.8;2662;Subscriber;78.8
532;78.5;1757;Subscriber;77.9
533;78.8;4287;Subscriber;15.8
534;77.7;1341;Subscriber;26.5
535;52.6;1425;Subscriber;32.0
536;70.3;1472;Subscriber;11.8
537;61.2;1049;Subscriber;21.9
538;74.5;4506;Subscriber;40.9
539;69.5;1802;Subscriber;60.5
540;74.8;3034;Customer;36.5
541;78.6;3330;Subscriber;52.3
542;55.9;3000;Subscriber;10.3
543;79.3;2801;Subscriber;15.1
544;82.4;3286;Subscriber;23.9
545;69.6;4368;Subscriber;46.4
546;64.0;3707;Subscriber;20.6
547;78.4;4493;Subscriber;49.3
548;55.3;1850;Subscriber;63.2
549;72.3;3175;Subscriber;49.4
550;82.2;3477;Subscriber;80.8
551;78.4;1541;Subscriber;60.2
552;75.1;3705;Subscriber;29.8
553;51.6;1714;Subscriber;74.5
554;80.6;3631;Subscriber;38.1
555;54.6;4841;Subscriber;21.0
556;78.2;1369;Subscriber;77.8
557;77.3;4663;Subscriber;18.2
558;53.1;2459;Subscriber;23.9
559;77.3;2082;Subscriber;10.8
560;70.5;2327;Subscriber;82.8
561;62.1;3930;Customer;52.5
562;79.1;4579;Subscriber;34.7
563;71.0;4858;Subscriber;11.2
564;78.3;4846;Subscriber;93.7
565;78.8;2871;Subscriber;68.5
566;82.5;2041;Subscriber;12.4
567;70.6;1373;Customer;10.2
568;79.5;1996;Subscriber;15.9
569;51.5;4141;Subscriber;40.7
570;70.1;2236;Subscriber;11.2
571;73.7;1058;Subscriber;44.2
572;57.5;1261;Subscriber;25.7
573;77.6;1045;Subscriber;26.1
574;75.8;3580;Subscriber;96.8
575;70.3;1315;Subscriber;75.8
576;50.2;4739;Subscriber;63.6
577;77.9;1677;Subscriber;38.8
578;75.2;4746;Customer;30.0
579;61.8;1634;Subscriber;34.6
580;82.4;1533;Subscriber;17.2
581;66.0;2246;Customer;98.0
582;70.2;1803;Subscriber;41.3
583;71.3;4455;Customer;58.3
584;79.5;2583;Subscriber;38.1
585;80.6;1661;Subscriber;26.0
586;69.9;1521;Subscriber;42.7
587;64.4;3098;Subscriber;83.9
588;73.7;1718;Subscriber;37.8
589;78.0;4168;Subscriber;26.4
590;76.9;2315;Subscriber;19.6
591;72.1;4401;Subscriber;67.2
592;77.1;1737;Customer;32.0
593;77.2;1622;Subscriber;97.8
594;66.3;2415;Subscriber;46.1
595;69.3;1615;Subscriber;46.4
596;63.3;1358;Subscriber;45.0
597;65.8;2862;Subscriber;87.3
598;51.0;1204;Subscriber;86.2
599;70.4;3703;Subscriber;11.3
600;76.6;4166;Subscriber;15.2
601;82.2;1847;Subscriber;65.0
602;69.6;4941;Subscriber;66.1
603;80.2;3983;Subscriber;16.4
604;81.7;4262;Subscriber;60.0
605;73.7;3346;Subscriber;83.4
606;82.9;1034;Subscriber;45.0
607;77.4;4293;Subscriber;25.8
608;82.3;4300;Customer;56.9
609;76.8;2921;Subscriber;93.1
610;75.2;2479;Subscriber;22.9
611;65.4;1515;Customer;76.0
612;71.4;2321;Subscriber;65.2
613;82.4;2423;Subscriber;27.0
614;64.5;1881;Subscriber;57.3
615;50.5;4235;Subscriber;42.2
616;70.8;3706;Subscriber;11.0
617;70.5;3771;Subscriber;86.2
618;76.7;2126;Subscriber;29.7
619;69.3;3703;Subscriber;49.9
620;76.1;2588;Subscriber;33.9
621;50.3;4421;Customer;40.5
622;78.7;1065;Subscriber;56.3
623;70.9;2951;Subscriber;16.7
624;65.1;1656;Subscriber;66.2
625;82.3;2397;Subscriber;42.6
626;80.1;4334;Subscriber;25.9
627;72.5;1012;Subscriber;42.1
628;50.6;1938;Subscriber;16.1
629;68.2;3899;Subscriber;47.6
630;70.9;4007;Customer;32.5
631;69.7;3490;Subscriber;82.3
632;69.0;4927;Subscriber;86.6
633;59.7;2114;Subscriber;77.5
634;75.7;4466;Subscriber;38.8
635;73.7;3206;Customer;60.8
636;55.3;2356;Subscriber;32.9
637;80.1;3273;Subscriber;30.7
638;80.3;4385;Subscriber;40.4
639;54.5;1673;Subscriber;52.5
640;54.6;3750;Subscriber;39.1
641;75.8;1245;Subscriber;26.7
642;70.8;3851;Subscriber;35.8
643;67.5;1957;Subscriber;73.5
644;54.2;1210;Customer;16.2
645;70.4;4043;Subscriber;47.6
646;76.7;1010;Subscriber;99.0
647;73.9;2275;Subscriber;91.2
648;70.9;1566;Subscriber;42.7
649;81.6;1186;Subscriber;98.4
650;75.7;1175;Customer;20.7
651;80.7;3420;Subscriber;59.3
652;77.9;1204;Subscriber;30.8
653;64.0;2715;Customer;28.9
654;60.1;3354;Subscriber;91.5
655;80.5;4692;Customer;34.1
656;61.1;2577;Customer;12.3
657;74.3;1981;Subscriber;31.5
658;72.1;3930;Subscriber;47.3
659;66.2;1720;Customer;50.5
660;52.1;2889;Subscriber;87.5
661;71.1;3399;Customer;27.2
662;56.5;1450;Subscriber;93.3
663;50.6;1395;Subscriber;86.0
664;74.6;1393;Subscriber;47.7
665;81.8;1142;Subscriber;54.1
666;76.8;4631;Subscriber;40.7
667;70.0;4328;Subscriber;81.5
668;51.1;1179;Subscriber;20.8
669;50.3;3695;Subscriber;36.9
670;72.4;4069;Subscriber;45.5
671;67.2;3057;Subscriber;48.0
672;78.8;4506;Subscriber;23.3
673;59.0;4900;Subscriber;23.6
674;71.2;4773;Subscriber;29.0
675;78.5;4054;Subscriber;35.8
676;68.0;2373;Customer;59.8
677;71.1;2776;Subscriber;47.6
678;69.1;1752;Subscriber;36.2
679;79.4;2434;Subscriber;27.9
680;81.2;4487;Subscriber;18.3
681;52.2;3668;Subscriber;47.6
682;55.5;1940;Subscriber;44.5
683;78.4;2169;Subscriber;22.3
684;69.8;2480;Subscriber;91.8
685;76.1;3867;Subscriber;16.8
686;56.5;3087;Subscriber;74.0
687;53.6;3503;Subscriber;32.0
688;53.5;2638;Subscriber;91.6
689;78.7;3598;Subscriber;28.2
690;58.2;3889;Subscriber;91.2
691;79.9;1864;Subscriber;17.8
692;75.3;3902;Subscriber;46.6
693;74.6;2493;Subscriber;20.6
694;65.0;2701;Subscriber;48.6
695;60.8;4247;Subscriber;83.5
696;73.5;2310;Subscriber;12.0
697;79.6;3950;Customer;12.0
698;70.8;3576;Subscriber;35.2
699;77.4;2209;Subscriber;15.6
700;64.0;3140;Subscriber;51.2
701;80.5;2762;Subscriber;61.3
702;51.3;4962;Subscriber;94.1
703;76.8;3317;Subscriber;46.3
704;65.1;1558;Subscriber;20.2
705;78.9;2882;Subscriber;95.0
706;62.2;1704;Subscriber;78.0
707;77.3;3071;Subscriber;63.6
708;71.6;1898;Subscriber;13.8
709;59.9;1785;Subscriber;26.8
710;50.2;4062;Customer;55.0
711;77.0;4727;Subscriber;65.0
712;81.0;4236;Customer;97.9
713;78.0;2818;Subscriber;24.1
714;63.8;4204;Subscriber;48.4
715;71.6;3615;Subscriber;19.4
716;59.0;1153;Subscriber;17.7
717;73.3;1117;Subscriber;30.6
718;81.5;4149;Subscriber;80.1
719;69.8;3447;Subscriber;35.3
720;79.8;2762;Subscriber;75.5
721;74.4;1105;Subscriber;28.3
722;78.7;3520;Subscriber;43.9
723;65.5;3764;Subscriber;93.2
724;81.3;2657;Subscriber;67.8
725;73.2;3680;Subscriber;94.4
726;75.4;3541;Subscriber;62.3
727;82.2;3701;Subscriber;61.7
728;70.3;2124;Customer;94.3
729;79.9;1822;Subscriber;59.0
730;66.2;3489;Subscriber;49.2
731;67.7;1493;Subscriber;76.5
732;74.1;1332;Subscriber;31.5
733;78.7;1629;Subscriber;28.1
734;79.1;2062;Customer;12.3
735;71.6;2107;Subscriber;29.3
736;81.6;1904;Subscriber;96.6
737;59.1;4633;Subscriber;11.5
738;69.8;1654;Subscriber;24.2
739;80.5;1448;Subscriber;74.7
740;76.9;4813;Subscriber;34.7
741;71.9;3926;Subscriber;49.2
742;75.1;1991;Subscriber;29.1
743;73.1;1783;Subscriber;72.8
744;69.1;1908;Subscriber;10.3
745;69.6;4193;Subscriber;36.3
746;68.4;3060;Subscriber;47.9
747;71.5;1289;Subscriber;34.8
748;66.1;1201;Customer;27.1
749;52.9;2349;Subscriber;25.8
750;57.4;3154;Subscriber;10.4
751;58.2;4270;Subscriber;27.1
752;74.5;2168;Subscriber;40.1
753;65.1;1062;Customer;84.7
754;81.9;3009;Subscriber;39.6
755;51.3;4117;Subscriber;96.4
756;74.1;3441;Subscriber;65.0
757;56.1;4371;Subscriber;40.5
758;75.3;4417;Customer;43.2
759;73.7;4398;Subscriber;60.1
760;79.4;2152;Subscriber;46.4
761;82.8;3934;Customer;94.8
762;71.7;4000;Customer;30.9
763;58.9;4156;Subscriber;25.5
764;54.9;3921;Subscriber;15.6
765;63.2;3843;Subscriber;63.3
766;73.9;2847;Customer;32.0
767;76.3;4200;Subscriber;65.2
768;61.3;3664;Subscriber;16.9
769;53.0;2246;Subscriber;44.9
770;80.7;1368;Customer;63.9
771;70.0;2782;Subscriber;48.0
772;81.4;1373;Subscriber;19.8
773;80.8;4369;Subscriber;56.6
774;52.0;4753;Subscriber;45.8
775;53.1;1514;Subscriber;32.5
776;81.1;2858;Subscriber;93.8
777;59.3;2023;Subscriber;37.9
778;53.4;4504;Subscriber;47.6
779;76.1;4335;Subscriber;29.2
780;65.3;2960;Subscriber;49.3
781;81.7;1370;Customer;34.6
782;66.0;3328;Subscriber;62.4
783;74.7;1601;Subscriber;24.5
784;69.0;3877;Customer;41.1
785;69.2;1195;Subscriber;48.4
786;70.9;1215;Subscriber;10.0
787;53.6;4192;Subscriber;78.4
788;58.9;2143;Subscriber;65.5
789;76.3;1351;Customer;13.4
790;53.0;3670;Subscriber;88.5
791;72.9;4198;Subscriber;41.2
792;62.6;1385;Subscriber;65.5
793;70.8;2006;Subscriber;87.4
794;75.1;2453;Subscriber;91.2
795;82.5;1083;Subscriber;38.3
796;75.0;2283;Subscriber;94.8
797;76.3;1692;Subscriber;86.0
798;78.0;3744;Subscriber;43.3
799;54.9;2102;Subscriber;88.8
800;69.2;2790;Subscriber;41.0
801;69.0;2555;Subscriber;97.0
802;79.0;3917;Customer;33.0
803;58.4;4526;Subscriber;54.5
804;51.3;1558;Subscriber;27.3
805;79.3;3842;Customer;70.8
806;66.6;2118;Customer;38.4
807;62.2;1878;Subscriber;29.8
808;63.0;1238;Subscriber;72.2
809;79.9;4830;Subscriber;32.7
810;64.6;2643;Subscriber;18.1
811;74.7;3316;Subscriber;63.5
812;67.0;3037;Subscriber;33.0
813;77.2;3330;Subscriber;23.2
814;69.3;4112;Subscriber;19.9
815;63.5;3925;Subscriber;35.1
816;64.4;3521;Subscriber;16.4
817;73.0;2860;Subscriber;84.8
818;79.2;3443;Subscriber;40.4
819;78.7;2386;Subscriber;99.0
820;76.9;2173;Customer;75.3
821;50.3;1757;Subscriber;43.0
822;77.4;3712;Subscriber;28.6
823;72.3;4039;Subscriber;37.7
824;51.5;2563;Subscriber;90.0
825;59.8;2909;Subscriber;44.5
826;59.4;4604;Subscriber;74.0
827;79.1;2119;Subscriber;85.5
828;81.4;1966;Subscriber;14.7
829;76.7;4897;Subscriber;40.3
830;64.6;3644;Subscriber;81.0
831;76.2;4391;Subscriber;15.3
832;59.9;1789;Subscriber;42.0
833;80.5;4457;Subscriber;26.9
834;72.5;1280;Customer;55.3
835;53.5;1256;Customer;47.7
836;73.5;3309;Subscriber;57.2
837;62.5;2545;Subscriber;75.7
838;66.0;4692;Subscriber;65.5
839;57.2;2071;Subscriber;61.6
840;82.5;2908;Subscriber;15.1
841;78.2;1812;Subscriber;14.7
842;69.5;1705;Subscriber;47.0
843;80.0;2930;Subscriber;16.5
844;76.8;3165;Subscriber;10.7
845;77.7;4117;Subscriber;35.9
846;67.6;4402;Subscriber;37.3
847;69.5;2954;Subscriber;31.0
848;60.4;3984;Subscriber;32.8
849;78.8;4919;Subscriber;11.8
850;66.7;1741;Subscriber;29.4
851;78.3;1665;Subscriber;23.9
852;82.6;2058;Subscriber;25.1
853;81.6;1991;Customer;32.9
854;71.3;1935;Subscriber;36.0
855;76.3;1587;Subscriber;17.3
856;69.7;4336;Customer;20.4
857;78.3;3923;Subscriber;24.1
858;73.8;2638;Subscriber;95.1
859;74.7;2016;Subscriber;64.8
860;78.0;1973;Subscriber;14.6
861;55.6;2188;Customer;86.0
862;81.9;2198;Subscriber;25.2
863;80.4;3362;Subscriber;50.6
864;60.6;2070;Subscriber;49.2
865;80.6;4266;Subscriber;22.2
866;71.5;3346;Subscriber;37.6
867;78.1;2317;Subscriber;16.0
868;70.9;2934;Subscriber;63.1
869;81.9;3898;Subscriber;45.8
870;60.3;2680;Subscriber;39.3
871;82.6;1865;Subscriber;69.0
872;73.7;3706;Subscriber;42.6
873;66.6;3862;Subscriber;47.0
874;56.2;3585;Subscriber;15.9
875;80.5;2989;Subscriber;11.7
876;81.8;1858;Subscriber;14.0
877;69.3;3383;Subscriber;33.7
878;75.3;3902;Subscriber;70.1
